"symbol","security","gics_sector","gics_industry","country","region"
"MMM         ","3M Company","Industrials","Industrial Conglomerates","US","North America"
"ABT         ","Abbott Laboratories","Health Care","Health Care Equipment","US","North America"
"ABBV        ","AbbVie Inc.","Health Care","Pharmaceuticals","US","North America"
"ABMD        ","ABIOMED Inc","Health Care","Health Care Equipment","US","North America"
"ACN         ","Accenture plc","Information Technology","IT Consulting & Other Services","US","North America"
"ATVI        ","Activision Blizzard","Communication Services","Interactive Home Entertainment","US","North America"
"ADBE        ","Adobe Systems Inc","Information Technology","Application Software","US","North America"
"AMD         ","Advanced Micro Devices Inc","Information Technology","Semiconductors","US","North America"
"AAP         ","Advance Auto Parts","Consumer Discretionary","Automotive Retail","US","North America"
"AES         ","AES Corp","Utilities","Independent Power Producers & Energy Traders","US","North America"
"AMG         ","Affiliated Managers Group Inc","Financials","Asset Management & Custody Banks","US","North America"
"AFL         ","AFLAC Inc","Financials","Life & Health Insurance","US","North America"
"A           ","Agilent Technologies Inc","Health Care","Health Care Equipment","US","North America"
"APD         ","Air Products & Chemicals Inc","Materials","Industrial Gases","US","North America"
"AKAM        ","Akamai Technologies Inc","Information Technology","Internet Services & Infrastructure","US","North America"
"ALK         ","Alaska Air Group Inc","Industrials","Airlines","US","North America"
"ALB         ","Albemarle Corp","Materials","Specialty Chemicals","US","North America"
"ARE         ","Alexandria Real Estate Equities","Real Estate","Office REITs","US","North America"
"ALXN        ","Alexion Pharmaceuticals","Health Care","Biotechnology","US","North America"
"ALGN        ","Align Technology","Health Care","Health Care Supplies","US","North America"
"ALLE        ","Allegion","Industrials","Building Products","US","North America"
"AGN         ","Allergan, Plc","Health Care","Pharmaceuticals","US","North America"
"ADS         ","Alliance Data Systems","Information Technology","Data Processing & Outsourced Services","US","North America"
"LNT         ","Alliant Energy Corp","Utilities","Electric Utilities","US","North America"
"ALL         ","Allstate Corp","Financials","Property & Casualty Insurance","US","North America"
"GOOGL       ","Alphabet Inc Class A","Communication Services","Interactive Media & Services","US","North America"
"GOOG        ","Alphabet Inc Class C","Communication Services","Interactive Media & Services","US","North America"
"MO          ","Altria Group Inc","Consumer Staples","Tobacco","US","North America"
"AMZN        ","Amazon.com Inc.","Consumer Discretionary","Internet & Direct Marketing Retail","US","North America"
"AEE         ","Ameren Corp","Utilities","Multi-Utilities","US","North America"
"AAL         ","American Airlines Group","Industrials","Airlines","US","North America"
"AEP         ","American Electric Power","Utilities","Electric Utilities","US","North America"
"AXP         ","American Express Co","Financials","Consumer Finance","US","North America"
"AIG         ","American International Group","Financials","Property & Casualty Insurance","US","North America"
"AMT         ","American Tower Corp.","Real Estate","Specialized REITs","US","North America"
"AWK         ","American Water Works Company Inc","Utilities","Water Utilities","US","North America"
"AMP         ","Ameriprise Financial","Financials","Asset Management & Custody Banks","US","North America"
"ABC         ","AmerisourceBergen Corp","Health Care","Health Care Distributors","US","North America"
"AME         ","AMETEK Inc.","Industrials","Electrical Components & Equipment","US","North America"
"AMGN        ","Amgen Inc.","Health Care","Biotechnology","US","North America"
"APH         ","Amphenol Corp","Information Technology","Electronic Components","US","North America"
"APC         ","Anadarko Petroleum Corp","Energy","Oil & Gas Exploration & Production","US","North America"
"ADI         ","Analog Devices, Inc.","Information Technology","Semiconductors","US","North America"
"ANSS        ","ANSYS","Information Technology","Application Software","US","North America"
"ANTM        ","Anthem Inc.","Health Care","Managed Health Care","US","North America"
"AON         ","Aon plc","Financials","Insurance Brokers","US","North America"
"AOS         ","A.O. Smith Corp","Industrials","Building Products","US","North America"
"APA         ","Apache Corporation","Energy","Oil & Gas Exploration & Production","US","North America"
"AIV         ","Apartment Investment & Management","Real Estate","Residential REITs","US","North America"
"AAPL        ","Apple Inc.","Information Technology","Technology Hardware, Storage & Peripherals","US","North America"
"AMAT        ","Applied Materials Inc.","Information Technology","Semiconductor Equipment","US","North America"
"APTV        ","Aptiv Plc","Consumer Discretionary","Auto Parts & Equipment","US","North America"
"ADM         ","Archer-Daniels-Midland Co","Consumer Staples","Agricultural Products","US","North America"
"ARNC        ","Arconic Inc.","Industrials","Aerospace & Defense","US","North America"
"ANET        ","Arista Networks","Information Technology","Communications Equipment","US","North America"
"AJG         ","Arthur J. Gallagher & Co.","Financials","Insurance Brokers","US","North America"
"AIZ         ","Assurant","Financials","Multi-line Insurance","US","North America"
"ATO         ","Atmos Energy Corp","Utilities","Gas Utilities","US","North America"
"T           ","AT&T Inc.","Communication Services","Integrated Telecommunication Services","US","North America"
"ADSK        ","Autodesk Inc.","Information Technology","Application Software","US","North America"
"ADP         ","Automatic Data Processing","Information Technology","Internet Services & Infrastructure","US","North America"
"AZO         ","AutoZone Inc","Consumer Discretionary","Specialty Stores","US","North America"
"AVB         ","AvalonBay Communities, Inc.","Real Estate","Residential REITs","US","North America"
"AVY         ","Avery Dennison Corp","Materials","Paper Packaging","US","North America"
"BHGE        ","Baker Hughes, a GE Company","Energy","Oil & Gas Equipment & Services","US","North America"
"BLL         ","Ball Corp","Materials","Metal & Glass Containers","US","North America"
"BAC         ","Bank of America Corp","Financials","Diversified Banks","US","North America"
"BK          ","The Bank of New York Mellon Corp.","Financials","Asset Management & Custody Banks","US","North America"
"BAX         ","Baxter International Inc.","Health Care","Health Care Equipment","US","North America"
"BBT         ","BB&T Corporation","Financials","Regional Banks","US","North America"
"BDX         ","Becton Dickinson","Health Care","Health Care Equipment","US","North America"
"BRK.B       ","Berkshire Hathaway","Financials","Multi-Sector Holdings","US","North America"
"BBY         ","Best Buy Co. Inc.","Consumer Discretionary","Computer & Electronics Retail","US","North America"
"BIIB        ","Biogen Inc.","Health Care","Biotechnology","US","North America"
"BLK         ","BlackRock","Financials","Asset Management & Custody Banks","US","North America"
"HRB         ","Block H&R","Consumer Discretionary","Specialized Consumer Services","US","North America"
"BA          ","Boeing Company","Industrials","Aerospace & Defense","US","North America"
"BKNG        ","Booking Holdings Inc","Consumer Discretionary","Internet & Direct Marketing Retail","US","North America"
"BWA         ","BorgWarner","Consumer Discretionary","Auto Parts & Equipment","US","North America"
"BXP         ","Boston Properties","Real Estate","Office REITs","US","North America"
"BSX         ","Boston Scientific","Health Care","Health Care Equipment","US","North America"
"BMY         ","Bristol-Myers Squibb","Health Care","Health Care Distributors","US","North America"
"AVGO        ","Broadcom","Information Technology","Semiconductors","US","North America"
"BR          ","Broadridge Financial Solutions","Information Technology","Data Processing & Outsourced Services","US","North America"
"BF.B        ","Brown-Forman Corp.","Consumer Staples","Distillers & Vintners","US","North America"
"CHRW        ","C. H. Robinson Worldwide","Industrials","Air Freight & Logistics","US","North America"
"COG         ","Cabot Oil & Gas","Energy","Oil & Gas Exploration & Production","US","North America"
"CDNS        ","Cadence Design Systems","Information Technology","Application Software","US","North America"
"CPB         ","Campbell Soup","Consumer Staples","Packaged Foods & Meats","US","North America"
"COF         ","Capital One Financial","Financials","Consumer Finance","US","North America"
"CPRI        ","Capri Holdings","Consumer Discretionary","Apparel, Accessories & Luxury Goods","US","North America"
"CAH         ","Cardinal Health Inc.","Health Care","Health Care Distributors","US","North America"
"KMX         ","Carmax Inc","Consumer Discretionary","Specialty Stores","US","North America"
"CCL         ","Carnival Corp.","Consumer Discretionary","Hotels, Resorts & Cruise Lines","US","North America"
"CAT         ","Caterpillar Inc.","Industrials","Construction Machinery & Heavy Trucks","US","North America"
"CBOE        ","Cboe Global Markets","Financials","Financial Exchanges & Data","US","North America"
"CBRE        ","CBRE Group","Real Estate","Real Estate Services","US","North America"
"CBS         ","CBS Corp.","Communication Services","Broadcasting","US","North America"
"CE          ","Celanese Corp.","Materials","Specialty Chemicals","US","North America"
"CELG        ","Celgene Corp.","Health Care","Biotechnology","US","North America"
"CNC         ","Centene Corporation","Health Care","Managed Health Care","US","North America"
"CNP         ","CenterPoint Energy","Utilities","Multi-Utilities","US","North America"
"CTL         ","CenturyLink Inc","Communication Services","Integrated Telecommunication Services","US","North America"
"CERN        ","Cerner","Health Care","Health Care Technology","US","North America"
"CF          ","CF Industries Holdings Inc","Materials","Fertilizers & Agricultural Chemicals","US","North America"
"SCHW        ","Charles Schwab Corporation","Financials","Investment Banking & Brokerage","US","North America"
"CHTR        ","Charter Communications","Communication Services","Cable & Satellite","US","North America"
"CVX         ","Chevron Corp.","Energy","Integrated Oil & Gas","US","North America"
"CMG         ","Chipotle Mexican Grill","Consumer Discretionary","Restaurants","US","North America"
"CB          ","Chubb Limited","Financials","Property & Casualty Insurance","US","North America"
"CHD         ","Church & Dwight","Consumer Staples","Household Products","US","North America"
"CI          ","CIGNA Corp.","Health Care","Managed Health Care","US","North America"
"XEC         ","Cimarex Energy","Energy","Oil & Gas Exploration & Production","US","North America"
"CINF        ","Cincinnati Financial","Financials","Property & Casualty Insurance","US","North America"
"CTAS        ","Cintas Corporation","Industrials","Diversified Support Services","US","North America"
"CSCO        ","Cisco Systems","Information Technology","Communications Equipment","US","North America"
"C           ","Citigroup Inc.","Financials","Diversified Banks","US","North America"
"CFG         ","Citizens Financial Group","Financials","Regional Banks","US","North America"
"CTXS        ","Citrix Systems","Information Technology","Internet Software & Services","US","North America"
"CLX         ","The Clorox Company","Consumer Staples","Household Products","US","North America"
"CME         ","CME Group Inc.","Financials","Financial Exchanges & Data","US","North America"
"CMS         ","CMS Energy","Utilities","Multi-Utilities","US","North America"
"KO          ","Coca-Cola Company","Consumer Staples","Soft Drinks","US","North America"
"CTSH        ","Cognizant Technology Solutions","Information Technology","IT Consulting & Other Services","US","North America"
"CL          ","Colgate-Palmolive","Consumer Staples","Household Products","US","North America"
"CMCSA       ","Comcast Corp.","Communication Services","Cable & Satellite","US","North America"
"CMA         ","Comerica Inc.","Financials","Diversified Banks","US","North America"
"CAG         ","Conagra Brands","Consumer Staples","Packaged Foods & Meats","US","North America"
"CXO         ","Concho Resources","Energy","Oil & Gas Exploration & Production","US","North America"
"COP         ","ConocoPhillips","Energy","Oil & Gas Exploration & Production","US","North America"
"ED          ","Consolidated Edison","Utilities","Electric Utilities","US","North America"
"STZ         ","Constellation Brands","Consumer Staples","Distillers & Vintners","US","North America"
"COO         ","The Cooper Companies","Health Care","Health Care Supplies","US","North America"
"CPRT        ","Copart Inc","Industrials","Diversified Support Services","US","North America"
"GLW         ","Corning Inc.","Information Technology","Electronic Components","US","North America"
"COST        ","Costco Wholesale Corp.","Consumer Staples","Hypermarkets & Super Centers","US","North America"
"COTY        ","Coty, Inc","Consumer Staples","Personal Products","US","North America"
"CCI         ","Crown Castle International Corp.","Real Estate","Specialized REITs","US","North America"
"CSX         ","CSX Corp.","Industrials","Railroads","US","North America"
"CMI         ","Cummins Inc.","Industrials","Industrial Machinery","US","North America"
"CVS         ","CVS Health","Health Care","Health Care Services","US","North America"
"DHI         ","D. R. Horton","Consumer Discretionary","Homebuilding","US","North America"
"DHR         ","Danaher Corp.","Health Care","Health Care Equipment","US","North America"
"DRI         ","Darden Restaurants","Consumer Discretionary","Restaurants","US","North America"
"DVA         ","DaVita Inc.","Health Care","Health Care Facilities","US","North America"
"DE          ","Deere & Co.","Industrials","Agricultural & Farm Machinery","US","North America"
"DAL         ","Delta Air Lines Inc.","Industrials","Airlines","US","North America"
"XRAY        ","Dentsply Sirona","Health Care","Health Care Supplies","US","North America"
"DVN         ","Devon Energy","Energy","Oil & Gas Exploration & Production","US","North America"
"FANG        ","Diamondback Energy","Energy","Oil & Gas Exploration & Production","US","North America"
"DLR         ","Digital Realty Trust Inc","Real Estate","Specialized REITs","US","North America"
"DFS         ","Discover Financial Services","Financials","Consumer Finance","US","North America"
"DISCA       ","Discovery Inc. Class A","Communication Services","Broadcasting","US","North America"
"DISCK       ","Discovery Inc. Class C","Communication Services","Broadcasting","US","North America"
"DISH        ","Dish Network","Communication Services","Cable & Satellite","US","North America"
"DG          ","Dollar General","Consumer Discretionary","General Merchandise Stores","US","North America"
"DLTR        ","Dollar Tree","Consumer Discretionary","General Merchandise Stores","US","North America"
"D           ","Dominion Energy","Utilities","Electric Utilities","US","North America"
"DOV         ","Dover Corp.","Industrials","Industrial Machinery","US","North America"
"DOW         ","Dow Inc.","Materials","Commodity Chemicals","US","North America"
"DWDP        ","DowDuPont","Materials","Specialty Chemicals","US","North America"
"DTE         ","DTE Energy Co.","Utilities","Multi-Utilities","US","North America"
"DRE         ","Duke Realty Corp","Real Estate","Industrial REITs","US","North America"
"DUK         ","Duke Energy","Utilities","Electric Utilities","US","North America"
"DXC         ","DXC Technology","Information Technology","IT Consulting & Other Services","US","North America"
"ETFC        ","E*Trade","Financials","Investment Banking & Brokerage","US","North America"
"EMN         ","Eastman Chemical","Materials","Diversified Chemicals","US","North America"
"ETN         ","Eaton Corporation","Industrials","Electrical Components & Equipment","US","North America"
"EBAY        ","eBay Inc.","Consumer Discretionary","Internet & Direct Marketing Retail","US","North America"
"ECL         ","Ecolab Inc.","Materials","Specialty Chemicals","US","North America"
"EIX         ","Edison Int'l","Utilities","Electric Utilities","US","North America"
"EW          ","Edwards Lifesciences","Health Care","Health Care Equipment","US","North America"
"EA          ","Electronic Arts","Communication Services","Interactive Home Entertainment","US","North America"
"EMR         ","Emerson Electric Company","Industrials","Electrical Components & Equipment","US","North America"
"ETR         ","Entergy Corp.","Utilities","Electric Utilities","US","North America"
"EOG         ","EOG Resources","Energy","Oil & Gas Exploration & Production","US","North America"
"EFX         ","Equifax Inc.","Industrials","Research & Consulting Services","US","North America"
"EQIX        ","Equinix","Real Estate","Specialized REITs","US","North America"
"EQR         ","Equity Residential","Real Estate","Residential REITs","US","North America"
"ESS         ","Essex Property Trust, Inc.","Real Estate","Residential REITs","US","North America"
"EL          ","Estee Lauder Cos.","Consumer Staples","Personal Products","US","North America"
"EVRG        ","Evergy","Utilities","Electric Utilities","US","North America"
"ES          ","Eversource Energy","Utilities","Multi-Utilities","US","North America"
"RE          ","Everest Re Group Ltd.","Financials","Reinsurance","US","North America"
"EXC         ","Exelon Corp.","Utilities","Multi-Utilities","US","North America"
"EXPE        ","Expedia Group","Consumer Discretionary","Internet & Direct Marketing Retail","US","North America"
"EXPD        ","Expeditors","Industrials","Air Freight & Logistics","US","North America"
"EXR         ","Extra Space Storage","Real Estate","Specialized REITs","US","North America"
"XOM         ","Exxon Mobil Corp.","Energy","Integrated Oil & Gas","US","North America"
"FFIV        ","F5 Networks","Information Technology","Communications Equipment","US","North America"
"FB          ","Facebook, Inc.","Communication Services","Interactive Media & Services","US","North America"
"FAST        ","Fastenal Co","Industrials","Building Products","US","North America"
"FRT         ","Federal Realty Investment Trust","Real Estate","Retail REITs","US","North America"
"FDX         ","FedEx Corporation","Industrials","Air Freight & Logistics","US","North America"
"FIS         ","Fidelity National Information Services","Information Technology","Internet Software & Services","US","North America"
"FITB        ","Fifth Third Bancorp","Financials","Regional Banks","US","North America"
"FE          ","FirstEnergy Corp","Utilities","Electric Utilities","US","North America"
"FRC         ","First Republic Bank","Financials","Regional Banks","US","North America"
"FISV        ","Fiserv Inc","Information Technology","Internet Software & Services","US","North America"
"FLT         ","FleetCor Technologies Inc","Information Technology","Data Processing & Outsources Services","US","North America"
"FLIR        ","FLIR Systems","Information Technology","Electronic Equipment & Instruments","US","North America"
"FLS         ","Flowserve Corporation","Industrials","Industrial Machinery","US","North America"
"FLR         ","Fluor Corp.","Industrials","Construction & Engineering","US","North America"
"FMC         ","FMC Corporation","Materials","Fertilizers & Agricultural Chemicals","US","North America"
"FL          ","Foot Locker Inc","Consumer Discretionary","Apparel Retail","US","North America"
"F           ","Ford Motor","Consumer Discretionary","Automobile Manufacturers","US","North America"
"FTNT        ","Fortinet","Information Technology","Systems Software","US","North America"
"FTV         ","Fortive Corp","Industrials","Industrial Machinery","US","North America"
"FBHS        ","Fortune Brands Home & Security","Industrials","Building Products","US","North America"
"BEN         ","Franklin Resources","Financials","Asset Management & Custody Banks","US","North America"
"FCX         ","Freeport-McMoRan Inc.","Materials","Mining","US","North America"
"GPS         ","Gap Inc.","Consumer Discretionary","Apparel Retail","US","North America"
"GRMN        ","Garmin Ltd.","Consumer Discretionary","Consumer Electronics","US","North America"
"IT          ","Gartner Inc","Information Technology","IT Consulting & Other Services","US","North America"
"GD          ","General Dynamics","Industrials","Aerospace & Defense","US","North America"
"GE          ","General Electric","Industrials","Industrial Conglomerates","US","North America"
"GIS         ","General Mills","Consumer Staples","Packaged Foods & Meats","US","North America"
"GM          ","General Motors","Consumer Discretionary","Automobile Manufacturers","US","North America"
"GPC         ","Genuine Parts","Consumer Discretionary","Specialty Stores","US","North America"
"GILD        ","Gilead Sciences","Health Care","Biotechnology","US","North America"
"GPN         ","Global Payments Inc.","Information Technology","Data Processing & Outsourced Services","US","North America"
"GS          ","Goldman Sachs Group","Financials","Investment Banking & Brokerage","US","North America"
"GWW         ","Grainger (W.W.) Inc.","Industrials","Industrial Machinery","US","North America"
"HAL         ","Halliburton Co.","Energy","Oil & Gas Equipment & Services","US","North America"
"HBI         ","Hanesbrands Inc","Consumer Discretionary","Apparel, Accessories & Luxury Goods","US","North America"
"HOG         ","Harley-Davidson","Consumer Discretionary","Motorcycle Manufacturers","US","North America"
"HRS         ","Harris Corporation","Industrials","Aerospace & Defense","US","North America"
"HIG         ","Hartford Financial Svc.Gp.","Financials","Property & Casualty Insurance","US","North America"
"HAS         ","Hasbro Inc.","Consumer Discretionary","Leisure Products","US","North America"
"HCA         ","HCA Holdings","Health Care","Health Care Facilities","US","North America"
"HCP         ","HCP Inc.","Real Estate","Health Care REITs","US","North America"
"HP          ","Helmerich & Payne","Energy","Oil & Gas Drilling","US","North America"
"HSIC        ","Henry Schein","Health Care","Health Care Distributors","US","North America"
"HSY         ","The Hershey Company","Consumer Staples","Packaged Foods & Meats","US","North America"
"HES         ","Hess Corporation","Energy","Integrated Oil & Gas","US","North America"
"HPE         ","Hewlett Packard Enterprise","Information Technology","Technology Hardware, Storage & Peripherals","US","North America"
"HLT         ","Hilton Worldwide Holdings Inc","Consumer Discretionary","Hotels, Resorts & Cruise Lines","US","North America"
"HFC         ","HollyFrontier Corp","Energy","Oil & Gas Refining & Marketing","US","North America"
"HOLX        ","Hologic","Health Care","Health Care Equipment","US","North America"
"HD          ","Home Depot","Consumer Discretionary","Home Improvement Retail","US","North America"
"HON         ","Honeywell Int'l Inc.","Industrials","Industrial Conglomerates","US","North America"
"HRL         ","Hormel Foods Corp.","Consumer Staples","Packaged Foods & Meats","US","North America"
"HST         ","Host Hotels & Resorts","Real Estate","Hotel & Resort REITs","US","North America"
"HPQ         ","HP Inc.","Information Technology","Technology Hardware, Storage & Peripherals","US","North America"
"HUM         ","Humana Inc.","Health Care","Managed Health Care","US","North America"
"HBAN        ","Huntington Bancshares","Financials","Regional Banks","US","North America"
"HII         ","Huntington Ingalls Industries","Industrials","Aerospace & Defense","US","North America"
"IDXX        ","IDEXX Laboratories","Health Care","Health Care Equipment","US","North America"
"INFO        ","IHS Markit Ltd.","Industrials","Research & Consulting Services","US","North America"
"ITW         ","Illinois Tool Works","Industrials","Industrial Machinery","US","North America"
"ILMN        ","Illumina Inc","Health Care","Life Sciences Tools & Services","US","North America"
"IR          ","Ingersoll-Rand PLC","Industrials","Industrial Machinery","US","North America"
"INTC        ","Intel Corp.","Information Technology","Semiconductors","US","North America"
"ICE         ","Intercontinental Exchange","Financials","Financial Exchanges & Data","US","North America"
"IBM         ","International Business Machines","Information Technology","IT Consulting & Other Services","US","North America"
"INCY        ","Incyte","Health Care","Biotechnology","US","North America"
"IP          ","International Paper","Materials","Paper Packaging","US","North America"
"IPG         ","Interpublic Group","Communication Services","Advertising","US","North America"
"IFF         ","Intl Flavors & Fragrances","Materials","Specialty Chemicals","US","North America"
"INTU        ","Intuit Inc.","Information Technology","Internet Software & Services","US","North America"
"ISRG        ","Intuitive Surgical Inc.","Health Care","Health Care Equipment","US","North America"
"IVZ         ","Invesco Ltd.","Financials","Asset Management & Custody Banks","US","North America"
"IPGP        ","IPG Photonics Corp.","Information Technology","Electronic Manufacturing Services","US","North America"
"IQV         ","IQVIA Holdings Inc.","Health Care","Life Sciences Tools & Service","US","North America"
"IRM         ","Iron Mountain Incorporated","Real Estate","Specialized REITs","US","North America"
"JKHY        ","Jack Henry & Associates Inc","Information Technology","Data Processing & Outsourced Services","US","North America"
"JEC         ","Jacobs Engineering Group","Industrials","Construction & Engineering","US","North America"
"JBHT        ","J. B. Hunt Transport Services","Industrials","Trucking","US","North America"
"JEF         ","Jefferies Financial Group","Financials","Multi-Sector Holdings","US","North America"
"SJM         ","JM Smucker","Consumer Staples","Packaged Foods & Meats","US","North America"
"JNJ         ","Johnson & Johnson","Health Care","Pharmaceuticals","US","North America"
"JCI         ","Johnson Controls International","Industrials","Building Products","US","North America"
"JPM         ","JPMorgan Chase & Co.","Financials","Diversified Banks","US","North America"
"JNPR        ","Juniper Networks","Information Technology","Communications Equipment","US","North America"
"KSU         ","Kansas City Southern","Industrials","Railroads","US","North America"
"K           ","Kellogg Co.","Consumer Staples","Packaged Foods & Meats","US","North America"
"KEY         ","KeyCorp","Financials","Regional Banks","US","North America"
"SLG         ","SL Green Realty","Real Estate","Office REITs","US","North America"
"KEYS        ","Keysight Technologies","Information Technology","Electronic Equipment & Instruments","US","North America"
"KMB         ","Kimberly-Clark","Consumer Staples","Household Products","US","North America"
"KIM         ","Kimco Realty","Real Estate","Retail REITs","US","North America"
"KMI         ","Kinder Morgan","Energy","Oil & Gas Storage & Transportation","US","North America"
"KLAC        ","KLA-Tencor Corp.","Information Technology","Semiconductor Equipment","US","North America"
"KSS         ","Kohl's Corp.","Consumer Discretionary","General Merchandise Stores","US","North America"
"KHC         ","Kraft Heinz Co","Consumer Staples","Packaged Foods & Meats","US","North America"
"KR          ","Kroger Co.","Consumer Staples","Food Retail","US","North America"
"LB          ","L Brands Inc.","Consumer Discretionary","Apparel Retail","US","North America"
"LLL         ","L-3 Communications Holdings","Industrials","Aerospace & Defense","US","North America"
"LH          ","Laboratory Corp. of America Holding","Health Care","Health Care Services","US","North America"
"LRCX        ","Lam Research","Information Technology","Semiconductor Equipment","US","North America"
"LW          ","Lamb Weston Holdings Inc","Consumer Staples","Packaged Foods & Meats","US","North America"
"LEG         ","Leggett & Platt","Consumer Discretionary","Home Furnishings","US","North America"
"LEN         ","Lennar Corp.","Consumer Discretionary","Homebuilding","US","North America"
"LLY         ","Lilly (Eli) & Co.","Health Care","Pharmaceuticals","US","North America"
"LNC         ","Lincoln National","Financials","Multi-line Insurance","US","North America"
"LIN         ","Linde plc","Materials","Industrial Gases","US","North America"
"LKQ         ","LKQ Corporation","Consumer Discretionary","Distributors","US","North America"
"LMT         ","Lockheed Martin Corp.","Industrials","Aerospace & Defense","US","North America"
"L           ","Loews Corp.","Financials","Multi-line Insurance","US","North America"
"LOW         ","Lowe's Cos.","Consumer Discretionary","Home Improvement Retail","US","North America"
"LYB         ","LyondellBasell","Materials","Specialty Chemicals","US","North America"
"MTB         ","M&T Bank Corp.","Financials","Regional Banks","US","North America"
"MAC         ","Macerich","Real Estate","Retail REITs","US","North America"
"M           ","Macy's Inc.","Consumer Discretionary","Department Stores","US","North America"
"MRO         ","Marathon Oil Corp.","Energy","Oil & Gas Exploration & Production","US","North America"
"MPC         ","Marathon Petroleum","Energy","Oil & Gas Refining & Marketing","US","North America"
"MAR         ","Marriott Int'l.","Consumer Discretionary","Hotels, Resorts & Cruise Lines","US","North America"
"MMC         ","Marsh & McLennan","Financials","Insurance Brokers","US","North America"
"MLM         ","Martin Marietta Materials","Materials","Construction Materials","US","North America"
"MAS         ","Masco Corp.","Industrials","Building Products","US","North America"
"MA          ","Mastercard Inc.","Information Technology","IT Services","US","North America"
"MAT         ","Mattel Inc.","Consumer Discretionary","Leisure Products","US","North America"
"MKC         ","McCormick & Co.","Consumer Staples","Packaged Foods & Meats","US","North America"
"MXIM        ","Maxim Integrated Products Inc","Information Technology","Semiconductors","US","North America"
"MCD         ","McDonald's Corp.","Consumer Discretionary","Restaurants","US","North America"
"MCK         ","McKesson Corp.","Health Care","Health Care Distributors","US","North America"
"MDT         ","Medtronic plc","Health Care","Health Care Equipment","US","North America"
"MRK         ","Merck & Co.","Health Care","Pharmaceuticals","US","North America"
"MET         ","MetLife Inc.","Financials","Life & Health Insurance","US","North America"
"MTD         ","Mettler Toledo","Health Care","Life Sciences Tools & Services","US","North America"
"MGM         ","MGM Resorts International","Consumer Discretionary","Casinos & Gaming","US","North America"
"MCHP        ","Microchip Technology","Information Technology","Semiconductors","US","North America"
"MU          ","Micron Technology","Information Technology","Semiconductors","US","North America"
"MSFT        ","Microsoft Corp.","Information Technology","Systems Software","US","North America"
"MAA         ","Mid-America Apartments","Real Estate","Residential REITs","US","North America"
"MHK         ","Mohawk Industries","Consumer Discretionary","Home Furnishings","US","North America"
"TAP         ","Molson Coors Brewing Company","Consumer Staples","Brewers","US","North America"
"MDLZ        ","Mondelez International","Consumer Staples","Packaged Foods & Meats","US","North America"
"MNST        ","Monster Beverage","Consumer Staples","Soft Drinks","US","North America"
"MCO         ","Moody's Corp","Financials","Financial Exchanges & Data","US","North America"
"MS          ","Morgan Stanley","Financials","Investment Banking & Brokerage","US","North America"
"MOS         ","The Mosaic Company","Materials","Fertilizers & Agricultural Chemicals","US","North America"
"MSI         ","Motorola Solutions Inc.","Information Technology","Communications Equipment","US","North America"
"MSCI        ","MSCI Inc","Financials","Financial Exchanges & Data","US","North America"
"MYL         ","Mylan N.V.","Health Care","Pharmaceuticals","US","North America"
"NDAQ        ","Nasdaq, Inc.","Financials","Financial Exchanges & Data","US","North America"
"NOV         ","National Oilwell Varco Inc.","Energy","Oil & Gas Equipment & Services","US","North America"
"NKTR        ","Nektar Therapeutics","Health Care","Pharmaceuticals","US","North America"
"NTAP        ","NetApp","Information Technology","Internet Software & Services","US","North America"
"NFLX        ","Netflix Inc.","Communication Services","Movies & Entertainment","US","North America"
"NWL         ","Newell Brands","Consumer Discretionary","Housewares & Specialties","US","North America"
"NEM         ","Newmont Mining Corporation","Materials","Mining","US","North America"
"NWSA        ","News Corp. Class A","Communication Services","Publishing","US","North America"
"NWS         ","News Corp. Class B","Communication Services","Publishing","US","North America"
"NEE         ","NextEra Energy","Utilities","Multi-Utilities","US","North America"
"NLSN        ","Nielsen Holdings","Industrials","Research & Consulting Services","US","North America"
"NKE         ","Nike","Consumer Discretionary","Apparel, Accessories & Luxury Goods","US","North America"
"NI          ","NiSource Inc.","Utilities","Multi-Utilities","US","North America"
"NBL         ","Noble Energy Inc","Energy","Oil & Gas Exploration & Production","US","North America"
"JWN         ","Nordstrom","Consumer Discretionary","Department Stores","US","North America"
"NSC         ","Norfolk Southern Corp.","Industrials","Railroads","US","North America"
"NTRS        ","Northern Trust Corp.","Financials","Asset Management & Custody Banks","US","North America"
"NOC         ","Northrop Grumman Corp.","Industrials","Aerospace & Defense","US","North America"
"NCLH        ","Norwegian Cruise Line","Consumer Discretionary","Hotels, Resorts & Cruise Lines","US","North America"
"NRG         ","NRG Energy","Utilities","Independent Power Producers & Energy Traders","US","North America"
"NUE         ","Nucor Corp.","Materials","Steel","US","North America"
"NVDA        ","Nvidia Corporation","Information Technology","Semiconductors","US","North America"
"ORLY        ","O'Reilly Automotive","Consumer Discretionary","Specialty Stores","US","North America"
"OXY         ","Occidental Petroleum","Energy","Oil & Gas Exploration & Production","US","North America"
"OMC         ","Omnicom Group","Communication Services","Advertising","US","North America"
"OKE         ","ONEOK","Energy","Oil & Gas Storage & Transportation","US","North America"
"ORCL        ","Oracle Corp.","Information Technology","Application Software","US","North America"
"PCAR        ","PACCAR Inc.","Industrials","Construction Machinery & Heavy Trucks","US","North America"
"PKG         ","Packaging Corporation of America","Materials","Paper Packaging","US","North America"
"PH          ","Parker-Hannifin","Industrials","Industrial Machinery","US","North America"
"PAYX        ","Paychex Inc.","Information Technology","Internet Software & Services","US","North America"
"PYPL        ","PayPal","Information Technology","Data Processing & Outsourced Services","US","North America"
"PNR         ","Pentair plc","Industrials","Industrial Machinery","US","North America"
"PBCT        ","People's United Financial","Financials","Thrifts & Mortgage Finance","US","North America"
"PEP         ","PepsiCo Inc.","Consumer Staples","Soft Drinks","US","North America"
"PKI         ","PerkinElmer","Health Care","Health Care Equipment","US","North America"
"PRGO        ","Perrigo","Health Care","Pharmaceuticals","US","North America"
"PFE         ","Pfizer Inc.","Health Care","Pharmaceuticals","US","North America"
"PM          ","Philip Morris International","Consumer Staples","Tobacco","US","North America"
"PSX         ","Phillips 66","Energy","Oil & Gas Refining & Marketing","US","North America"
"PNW         ","Pinnacle West Capital","Utilities","Multi-Utilities","US","North America"
"PXD         ","Pioneer Natural Resources","Energy","Oil & Gas Exploration & Production","US","North America"
"PNC         ","PNC Financial Services","Financials","Regional Banks","US","North America"
"RL          ","Polo Ralph Lauren Corp.","Consumer Discretionary","Apparel, Accessories & Luxury Goods","US","North America"
"PPG         ","PPG Industries","Materials","Specialty Chemicals","US","North America"
"PPL         ","PPL Corp.","Utilities","Electric Utilities","US","North America"
"PFG         ","Principal Financial Group","Financials","Life & Health Insurance","US","North America"
"PG          ","Procter & Gamble","Consumer Staples","Personal Products","US","North America"
"PGR         ","Progressive Corp.","Financials","Property & Casualty Insurance","US","North America"
"PLD         ","Prologis","Real Estate","Industrial REITs","US","North America"
"PRU         ","Prudential Financial","Financials","Life & Health Insurance","US","North America"
"PEG         ","Public Serv. Enterprise Inc.","Utilities","Electric Utilities","US","North America"
"PSA         ","Public Storage","Real Estate","Specialized REITs","US","North America"
"PHM         ","Pulte Homes Inc.","Consumer Discretionary","Homebuilding","US","North America"
"PVH         ","PVH Corp.","Consumer Discretionary","Apparel, Accessories & Luxury Goods","US","North America"
"QRVO        ","Qorvo","Information Technology","Semiconductors","US","North America"
"PWR         ","Quanta Services Inc.","Industrials","Construction & Engineering","US","North America"
"QCOM        ","QUALCOMM Inc.","Information Technology","Semiconductors","US","North America"
"DGX         ","Quest Diagnostics","Health Care","Health Care Services","US","North America"
"RJF         ","Raymond James Financial Inc.","Financials","Investment Banking & Brokerage","US","North America"
"RTN         ","Raytheon Co.","Industrials","Aerospace & Defense","US","North America"
"O           ","Realty Income Corporation","Real Estate","Retail REITs","US","North America"
"RHT         ","Red Hat Inc.","Information Technology","Systems Software","US","North America"
"REG         ","Regency Centers Corporation","Real Estate","Retail REITs","US","North America"
"REGN        ","Regeneron","Health Care","Biotechnology","US","North America"
"RF          ","Regions Financial Corp.","Financials","Regional Banks","US","North America"
"RSG         ","Republic Services Inc","Industrials","Environmental & Facilities Services","US","North America"
"RMD         ","ResMed","Health Care","Health Care Equipment","US","North America"
"RHI         ","Robert Half International","Industrials","Human Resource & Employment Services","US","North America"
"ROK         ","Rockwell Automation Inc.","Industrials","Electrical Components & Equipment","US","North America"
"ROL         ","Rollins Inc.","Industrials","Environmental & Facilities Services","US","North America"
"ROP         ","Roper Technologies","Industrials","Industrial Conglomerates","US","North America"
"ROST        ","Ross Stores","Consumer Discretionary","Apparel Retail","US","North America"
"RCL         ","Royal Caribbean Cruises Ltd","Consumer Discretionary","Hotels, Resorts & Cruise Lines","US","North America"
"CRM         ","Salesforce.com","Information Technology","Internet Software & Services","US","North America"
"SBAC        ","SBA Communications","Real Estate","Specialized REITs","US","North America"
"SLB         ","Schlumberger Ltd.","Energy","Oil & Gas Equipment & Services","US","North America"
"STX         ","Seagate Technology","Information Technology","Technology Hardware, Storage & Peripherals","US","North America"
"SEE         ","Sealed Air","Materials","Paper Packaging","US","North America"
"SRE         ","Sempra Energy","Utilities","Multi-Utilities","US","North America"
"SHW         ","Sherwin-Williams","Materials","Specialty Chemicals","US","North America"
"SPG         ","Simon Property Group Inc","Real Estate","Retail REITs","US","North America"
"SWKS        ","Skyworks Solutions","Information Technology","Semiconductors","US","North America"
"SNA         ","Snap-on","Industrials","Industrial Machinery","US","North America"
"SO          ","Southern Co.","Utilities","Electric Utilities","US","North America"
"LUV         ","Southwest Airlines","Industrials","Airlines","US","North America"
"SPGI        ","S&P Global, Inc.","Financials","Financial Exchanges & Data","US","North America"
"SWK         ","Stanley Black & Decker","Industrials","Industrial Machinery","US","North America"
"SBUX        ","Starbucks Corp.","Consumer Discretionary","Restaurants","US","North America"
"STT         ","State Street Corp.","Financials","Asset Management & Custody Banks","US","North America"
"SYK         ","Stryker Corp.","Health Care","Health Care Equipment","US","North America"
"STI         ","SunTrust Banks","Financials","Regional Banks","US","North America"
"SIVB        ","SVB Financial","Financials","Regional Banks","US","North America"
"SYMC        ","Symantec Corp.","Information Technology","Application Software","US","North America"
"SYF         ","Synchrony Financial","Financials","Consumer Finance","US","North America"
"SNPS        ","Synopsys Inc.","Information Technology","Application Software","US","North America"
"SYY         ","Sysco Corp.","Consumer Staples","Food Distributors","US","North America"
"TROW        ","T. Rowe Price Group","Financials","Asset Management & Custody Banks","US","North America"
"TTWO        ","Take-Two Interactive","Communication Services","Interactive Home Entertainment","US","North America"
"TPR         ","Tapestry, Inc.","Consumer Discretionary","Apparel, Accessories & Luxury Goods","US","North America"
"TGT         ","Target Corp.","Consumer Discretionary","General Merchandise Stores","US","North America"
"TEL         ","TE Connectivity Ltd.","Information Technology","Electronic Manufacturing Services","US","North America"
"FTI         ","TechnipFMC","Energy","Oil & Gas Equipment & Services","US","North America"
"TFX         ","Teleflex Inc","Health Care","Health Care Equipment","US","North America"
"TXN         ","Texas Instruments","Information Technology","Semiconductors","US","North America"
"TXT         ","Textron Inc.","Industrials","Aerospace & Defense","US","North America"
"TMO         ","Thermo Fisher Scientific","Health Care","Health Care Equipment","US","North America"
"TIF         ","Tiffany & Co.","Consumer Discretionary","Apparel, Accessories & Luxury Goods","US","North America"
"TWTR        ","Twitter, Inc.","Communication Services","Interactive Media & Services","US","North America"
"TJX         ","TJX Companies Inc.","Consumer Discretionary","Apparel Retail","US","North America"
"TMK         ","Torchmark Corp.","Financials","Life & Health Insurance","US","North America"
"TSS         ","Total System Services","Information Technology","Internet Software & Services","US","North America"
"TSCO        ","Tractor Supply Company","Consumer Discretionary","Specialty Stores","US","North America"
"TDG         ","TransDigm Group","Industrials","Aerospace & Defense","US","North America"
"TRV         ","The Travelers Companies Inc.","Financials","Property & Casualty Insurance","US","North America"
"TRIP        ","TripAdvisor","Communication Services","Interactive Media & Services","US","North America"
"FOXA        ","Twenty-First Century Fox Class A","Communication Services","Movies & Entertainment","US","North America"
"FOX         ","Twenty-First Century Fox Class B","Communication Services","Movies & Entertainment","US","North America"
"TSN         ","Tyson Foods","Consumer Staples","Packaged Foods & Meats","US","North America"
"UDR         ","UDR Inc","Real Estate","Residential REITs","US","North America"
"ULTA        ","Ulta Beauty","Consumer Discretionary","Specialty Stores","US","North America"
"USB         ","U.S. Bancorp","Financials","Diversified Banks","US","North America"
"UAA         ","Under Armour Class A","Consumer Discretionary","Apparel, Accessories & Luxury Goods","US","North America"
"UA          ","Under Armour Class C","Consumer Discretionary","Apparel, Accessories & Luxury Goods","US","North America"
"UNP         ","Union Pacific","Industrials","Railroads","US","North America"
"UAL         ","United Continental Holdings","Industrials","Airlines","US","North America"
"UNH         ","United Health Group Inc.","Health Care","Managed Health Care","US","North America"
"UPS         ","United Parcel Service","Industrials","Air Freight & Logistics","US","North America"
"URI         ","United Rentals, Inc.","Industrials","Trading Companies & Distributors","US","North America"
"UTX         ","United Technologies","Industrials","Aerospace & Defense","US","North America"
"UHS         ","Universal Health Services, Inc.","Health Care","Health Care Facilities","US","North America"
"UNM         ","Unum Group","Financials","Life & Health Insurance","US","North America"
"VFC         ","V.F. Corp.","Consumer Discretionary","Apparel, Accessories & Luxury Goods","US","North America"
"VLO         ","Valero Energy","Energy","Oil & Gas Refining & Marketing","US","North America"
"VAR         ","Varian Medical Systems","Health Care","Health Care Equipment","US","North America"
"VTR         ","Ventas Inc","Real Estate","Health Care REITs","US","North America"
"VRSN        ","Verisign Inc.","Information Technology","Internet Services & Infrastructure","US","North America"
"VRSK        ","Verisk Analytics","Industrials","Research & Consulting Services","US","North America"
"VZ          ","Verizon Communications","Communication Services","Integrated Telecommunication Services","US","North America"
"VRTX        ","Vertex Pharmaceuticals Inc","Health Care","Biotechnology","US","North America"
"VIAB        ","Viacom Inc.","Communication Services","Movies & Entertainment","US","North America"
"V           ","Visa Inc.","Information Technology","IT Services","US","North America"
"VNO         ","Vornado Realty Trust","Real Estate","Office REITs","US","North America"
"VMC         ","Vulcan Materials","Materials","Construction Materials","US","North America"
"WAB         ","Wabtec Corporation","Industrials","Construction Machinery & Heavy Trucks","US","North America"
"WMT         ","Walmart","Consumer Staples","Hypermarkets & Super Centers","US","North America"
"WBA         ","Walgreens Boots Alliance","Consumer Staples","Drug Retail","US","North America"
"DIS         ","The Walt Disney Company","Communication Services","Movies & Entertainment","US","North America"
"WM          ","Waste Management Inc.","Industrials","Environmental & Facilities Services","US","North America"
"WAT         ","Waters Corporation","Health Care","Health Care Distributors","US","North America"
"WEC         ","Wec Energy Group Inc","Utilities","Electric Utilities","US","North America"
"WCG         ","WellCare","Health Care","Managed Health Care","US","North America"
"WFC         ","Wells Fargo","Financials","Diversified Banks","US","North America"
"WELL        ","Welltower Inc.","Real Estate","Health Care REITs","US","North America"
"WDC         ","Western Digital","Information Technology","Technology Hardware, Storage & Peripherals","US","North America"
"WU          ","Western Union Co","Information Technology","Internet Software & Services","US","North America"
"WRK         ","WestRock","Materials","Paper Packaging","US","North America"
"WY          ","Weyerhaeuser","Real Estate","Specialized REITS","US","North America"
"WHR         ","Whirlpool Corp.","Consumer Discretionary","Household Appliances","US","North America"
"WMB         ","Williams Cos.","Energy","Oil & Gas Storage & Transportation","US","North America"
"WLTW        ","Willis Towers Watson","Financials","Insurance Brokers","US","North America"
"WYNN        ","Wynn Resorts Ltd","Consumer Discretionary","Casinos & Gaming","US","North America"
"XEL         ","Xcel Energy Inc","Utilities","Multi-Utilities","US","North America"
"XRX         ","Xerox","Information Technology","Technology Hardware, Storage & Peripherals","US","North America"
"XLNX        ","Xilinx","Information Technology","Semiconductors","US","North America"
"XYL         ","Xylem Inc.","Industrials","Industrial Machinery","US","North America"
"YUM         ","Yum! Brands Inc","Consumer Discretionary","Restaurants","US","North America"
"ZBH         ","Zimmer Biomet Holdings","Health Care","Health Care Equipment","US","North America"
"ZION        ","Zions Bancorp","Financials","Regional Banks","US","North America"
"ZTS         ","Zoetis","Health Care","Pharmaceuticals","US","North America"
"III.L       ","3i","Financials","Financial Services","GB","Europe"
"ADM.L       ","Admiral Group","Financials","Insurance","GB","Europe"
"AAF.L       ","Airtel Africa","Communication Services","Telecommunications Services","GB","Europe"
"AAL.L       ","Anglo American plc","Materials","Mining","GB","Europe"
"ANTO.L      ","Antofagasta plc","Materials","Mining","GB","Europe"
"AHT.L       ","Ashtead Group","Industrials","Diversified Support Services","GB","Europe"
"ABF.L       ","Associated British Foods","Consumer Staples","Food & Tobacco","GB","Europe"
"AZN.L       ","AstraZeneca","Health Care","Pharmaceuticals & Biotechnology","GB","Europe"
"AUTO.L      ","Auto Trader Group","Communication Services","Media","GB","Europe"
"AV.L        ","Aviva","Financials","Life Insurance","GB","Europe"
"BME.L       ","B&M","Consumer Discretionary","Retailers","GB","Europe"
"BA.L        ","BAE Systems","Industrials","Aerospace & Defence","GB","Europe"
"BARC.L      ","Barclays","Financials","Diversified Banks","GB","Europe"
"BDEV.L      ","Barratt Developments","Consumer Discretionary","Homebuilding","GB","Europe"
"BEZ.L       ","Beazley Group","Financials","Insurance","GB","Europe"
"BKG.L       ","Berkeley Group Holdings","Consumer Discretionary","Homebuilding","GB","Europe"
"BP.L        ","BP","Energy","Oil & Gas Exploration & Production","GB","Europe"
"BATS.L      ","British American Tobacco","Consumer Staples","Tobacco","GB","Europe"
"BT-A.L      ","BT Group","Communication Services","Telecommunications Services","GB","Europe"
"BNZL.L      ","Bunzl","Industrials","Diversified Support Services","GB","Europe"
"BRBY.L      ","Burberry","Consumer Discretionary","Personal Goods","GB","Europe"
"CNA.L       ","Centrica","Utilities","Multi-Utilities","GB","Europe"
"CCH.L       ","Coca-Cola HBC","Consumer Staples","Beverages","GB","Europe"
"CPG.L       ","Compass Group","Industrials","Diversified Support Services","GB","Europe"
"CTEC.L      ","Convatec","Health Care","Health Care Equipment","GB","Europe"
"CRDA.L      ","Croda International","Materials","Chemicals","GB","Europe"
"DCC.L       ","DCC plc","Industrials","Diversified Support Services","GB","Europe"
"DPH.L       ","Dechra Pharmaceuticals","Health Care","Pharmaceuticals & Biotechnology","GB","Europe"
"DGE.L       ","Diageo","Consumer Staples","Beverages","GB","Europe"
"DPLM.L      ","Diploma","Industrials","Diversified Support Services","GB","Europe"
"EDV.L       ","Endeavour Mining","Materials","Mining","GB","Europe"
"ENT.L       ","Entain","Consumer Discretionary","Travel & Leisure","GB","Europe"
"EXPN.L      ","Experian","Industrials","Diversified Support Services","GB","Europe"
"FCIT.L      ","Foreign & Colonial Investment Trust","Financials","Financial Services","GB","Europe"
"FLTR.L      ","Flutter Entertainment","Consumer Discretionary","Travel & Leisure","GB","Europe"
"FRAS.L      ","Frasers Group","Consumer Discretionary","Retailers","GB","Europe"
"FRES.L      ","Fresnillo plc","Materials","Mining","GB","Europe"
"GLEN.L      ","Glencore","Materials","Mining","GB","Europe"
"GSK.L       ","GSK plc","Health Care","Pharmaceuticals & Biotechnology","GB","Europe"
"HLN.L       ","Haleon","Health Care","Pharmaceuticals & Biotechnology","GB","Europe"
"HLMA.L      ","Halma plc","Industrials","Electronic Equipment & Parts","GB","Europe"
"HL.L        ","Hargreaves Lansdown","Financials","Financial Services","GB","Europe"
"HIK.L       ","Hikma Pharmaceuticals","Health Care","Pharmaceuticals & Biotechnology","GB","Europe"
"HWDN.L      ","Howdens Joinery","Consumer Discretionary","Homebuilding","GB","Europe"
"HSBA.L      ","HSBC","Financials","Diversified Banks","GB","Europe"
"IHG.L       ","IHG Hotels & Resorts","Consumer Discretionary","Travel & Leisure","GB","Europe"
"IMI.L       ","IMI","Industrials","Industrial Machinery","GB","Europe"
"IMB.L       ","Imperial Brands","Consumer Staples","Tobacco","GB","Europe"
"INF.L       ","Informa","Communication Services","Media","GB","Europe"
"IAG.L       ","International Airlines Group","Industrials","Airlines","GB","Europe"
"ITRK.L      ","Intertek","Industrials","Diversified Support Services","GB","Europe"
"JD.L        ","JD Sports","Consumer Discretionary","General Retailers","GB","Europe"
"KGF.L       ","Kingfisher plc","Consumer Discretionary","Retailers","GB","Europe"
"LAND.L      ","Land Securities","Real Estate","Real Estate Investment Trusts","GB","Europe"
"LGEN.L      ","Legal & General","Financials","Life & Health Insurance","GB","Europe"
"LLOY.L      ","Lloyds Banking Group","Financials","Diversified Banks","GB","Europe"
"LSEG.L      ","London Stock Exchange Group","Financials","Financial Exchanges & Data","GB","Europe"
"MNG.L       ","M&G","Financials","Asset Management & Custody Banks","GB","Europe"
"MKS.L       ","Marks & Spencer","Consumer Staples","Food & Drug Retailing","GB","Europe"
"MRO.L       ","Melrose Industries","Industrials","Aerospace & Defence","GB","Europe"
"MNDI.L      ","Mondi","Materials","Metal & Glass Containers","GB","Europe"
"NG.L        ","National Grid plc","Utilities","Multi-Utilities","GB","Europe"
"NWG.L       ","NatWest Group","Financials","Banks","GB","Europe"
"NXT.L       ","Next plc","Consumer Discretionary","General Retailers","GB","Europe"
"OCDO.L      ","Ocado Group","Consumer Staples","Food & Drug Retailers","GB","Europe"
"PSON.L      ","Pearson plc","Communication Services","Media","GB","Europe"
"PSH.L       ","Pershing Square Holdings","Financials","Financial Services","GB","Europe"
"PHNX.L      ","Phoenix Group","Financials","Life & Health Insurance","GB","Europe"
"PRU.L       ","Prudential plc","Financials","Life & Health Insurance","GB","Europe"
"RKT.L       ","Reckitt","Consumer Discretionary","Homebuilding","GB","Europe"
"REL.L       ","RELX","Communication Services","Media","GB","Europe"
"RTO.L       ","Rentokil Initial","Industrials","Support Services","GB","Europe"
"RMV.L       ","Rightmove","Communication Services","Media","GB","Europe"
"RIO.L       ","Rio Tinto","Materials","Mining","GB","Europe"
"RR.L        ","Rolls-Royce Holdings","Industrials","Aerospace & Defence","GB","Europe"
"RS1.L       ","RS Group plc","Industrials","Industrials","GB","Europe"
"SGE.L       ","Sage Group","Information Technology","Software & Computer Services","GB","Europe"
"SBRY.L      ","Sainsbury's","Consumer Staples","Food & Drug Retailing","GB","Europe"
"SDR.L       ","Schroders","Financials","Financial Services","GB","Europe"
"SMT.L       ","Scottish Mortgage Investment Trust","Financials","Collective Investments","GB","Europe"
"SGRO.L      ","Segro","Real Estate","Real Estate Investment Trusts","GB","Europe"
"SVT.L       ","Severn Trent","Utilities","Multiline Utilities","GB","Europe"
"SHEL.L      ","Shell plc","Energy","Oil & Gas Exploration & Production","GB","Europe"
"SMDS.L      ","DS Smith","Industrials","General Industrials","GB","Europe"
"SMIN.L      ","Smiths Group","Industrials","General Industrials","GB","Europe"
"SN.L        ","Smith & Nephew","Health Care","Health Care Equipment","GB","Europe"
"SKG.L       ","Smurfit Kappa","Industrials","General Industrials","GB","Europe"
"SPX.L       ","Spirax-Sarco Engineering","Industrials","Industrial Engineering","GB","Europe"
"SSE.L       ","SSE plc","Industrials","Electrical Utilities & Independent Power Producers","GB","Europe"
"STAN.L      ","Standard Chartered","Financials","Investment Banking & Brokerage","GB","Europe"
"STJ.L       ","St. James's Place plc","Financials","Asset Management & Custody Banks","GB","Europe"
"TW.L        ","Taylor Wimpey","Consumer Discretionary","Homebuilding","GB","Europe"
"TSCO.L      ","Tesco","Consumer Staples","Food & Drug Retailing","GB","Europe"
"ULVR.L      ","Unilever","Consumer Staples","Personal Goods","GB","Europe"
"UU.L        ","United Utilities","Utilities","Multi-Utilities","GB","Europe"
"UTG.L       ","Unite Group","Real Estate","Real Estate Investment Trusts","GB","Europe"
"VOD.L       ","Vodafone Group","Communication Services","Mobile Telecommunications","GB","Europe"
"WEIR.L      ","Weir Group","Industrials","Industrial Goods and Services","GB","Europe"
"WTB.L       ","Whitbread","Consumer Discretionary","Retail hospitality","GB","Europe"
"WPP.L       ","WPP plc","Communication Services","Media","GB","Europe"
"ENR.DE      ","Siemens Energy AG","Industrials","Electrical Equipment","DE","Europe"
"VOW3.DE     ","VOLKSWAGEN AG","Consumer Discretionary","Automobiles","DE","Europe"
"CON.DE      ","CONTINENTAL AG","Consumer Discretionary","Automobile Components","DE","Europe"
"MBG.DE      ","MERCEDES-BENZ GROUP AG","Consumer Discretionary","Automobiles","DE","Europe"
"AIR.DE      ","AIRBUS SE","Industrials","Aerospace & Defense","DE","Europe"
"BMW.DE      ","BAYERISCHE MOTOREN WERKE AG","Consumer Discretionary","Automobiles","DE","Europe"
"SAP.DE      ","SAP SE","Information Technology","Application Software","DE","Europe"
"BAYN.DE     ","BAYER AG","Health Care","Pharmaceuticals","DE","Europe"
"DTG.DE      ","DAIMLER TRUCK HOLDING AG","Industrials","Machinery","DE","Europe"
"ADS.DE      ","ADIDAS AG","Consumer Discretionary","Textiles, Apparel & Luxury Goods","DE","Europe"
"CBK.DE      ","COMMERZBANK AG","Financials","Banks","DE","Europe"
"AI.PA       ","Air Liquide","Materials","Industrial Gases","FR","Europe"
"AIR.PA      ","Airbus","Industrials","Aerospace & Defense","FR","Europe"
"ALO.PA      ","Alstom","Industrials","Rail Transport","FR","Europe"
"MT.AS       ","ArcelorMittal","Materials","Steel","FR","Europe"
"CS.PA       ","AXA","Financials","Life & Health Insurance","FR","Europe"
"BNP.PA      ","BNP Paribas","Financials","Diversified Banks","FR","Europe"
"EN.PA       ","Bouygues","Industrials","Construction & Engineering","FR","Europe"
"CAP.PA      ","Capgemini","Technology","IT Consulting & Other Services","FR","Europe"
"CA.PA       ","Carrefour","Consumer Staples","Hypermarkets & Super Centers","FR","Europe"
"ACA.PA      ","Crédit Agricole","Financials","Regional Banks","FR","Europe"
"BN.PA       ","Danone","Consumer Staples","Packaged Foods & Meats","FR","Europe"
"DSY.PA      ","Dassault Systèmes","Technology","Application Software","FR","Europe"
"EDEN.PA     ","Edenred","Industrials","Transaction Processing Services","FR","Europe"
"ENGI.PA     ","Engie","Utilities","Gas Utilities","FR","Europe"
"EL.PA       ","EssilorLuxottica","Health Care","Apparel, Accessories & Luxury Goods","FR","Europe"
"ERF.PA      ","Eurofins Scientific","Health Care","Biotechnologies","FR","Europe"
"RMS.PA      ","Hermès","Consumer Discretionary","Apparel, Accessories & Luxury Goods","FR","Europe"
"KER.PA      ","Kering","Consumer Discretionary","Apparel, Accessories & Luxury Goods","FR","Europe"
"OR.PA       ","L'Oréal","Consumer Staples","Personal Products","FR","Europe"
"LR.PA       ","Legrand","Industrials","Electrical Components & Equipment","FR","Europe"
"MC.PA       ","LVMH","Consumer Discretionary","Apparel, Accessories & Luxury Goods","FR","Europe"
"ML.PA       ","Michelin","Industrials","Tires & Rubber","FR","Europe"
"ORA.PA      ","Orange","Communication Services","Integrated Telecommunication Services","FR","Europe"
"RI.PA       ","Pernod Ricard","Consumer Staples","Distillers & Vintners","FR","Europe"
"PUB.PA      ","Publicis","Communication Services","Advertising","FR","Europe"
"RNO.PA      ","Renault","Consumer Discretionary","Automobile Manufacturers","FR","Europe"
"SAF.PA      ","Safran","Industrials","Aerospace & Defense","FR","Europe"
"SGO.PA      ","Saint-Gobain","Industrials","Building Products","FR","Europe"
"SAN.PA      ","Sanofi","Health Care","Pharmaceuticals","FR","Europe"
"SU.PA       ","Schneider Electric","Industrials","Electrical Components & Equipment","FR","Europe"
"GLE.PA      ","Société Générale","Financials","Diversified Banks","FR","Europe"
"STLAP.PA    ","Stellantis","Consumer Discretionary","Automobile Manufacturers","FR","Europe"
"STMPA.PA    ","STMicroelectronics","Technology","Semiconductors","FR","Europe"
"TEP.PA      ","Teleperformance","Communication Services","Outsourcing","FR","Europe"
"HO.PA       ","Thales","Industrials","Aerospace & Defense","FR","Europe"
"TTE.PA      ","TotalEnergies","Energy","Integrated Oil & Gas","FR","Europe"
"URW.PA      ","Unibail-Rodamco-Westfield","Real Estate","Retail REITs","FR","Europe"
"VIE.PA      ","Veolia","Industrials","Multi-Utilities","FR","Europe"
"DG.PA       ","Vinci","Industrials","Construction & Engineering","FR","Europe"
"WLN.PA      ","Worldline","Technology","Data Processing & Outsourced Services","FR","Europe"
"NOVN.S      ","NOVARTIS AG-REG","Health Care","Pharmaceuticals","CH","Europe"
"NESN.S      ","NESTLE SA-REG","Consumer Staples","Packaged Foods & Meats","CH","Europe"
"RO.S        ","ROCHE HOLDING AG-BR","Health Care","Pharmaceuticals","CH","Europe"
"TEF.MC      ","Telefónica","Communication Services","Diversified Telecommunication Services","SP","Europe"
"UNI.MC      ","Unicaja","Financials","Banks","SP","Europe"
"BBVA.MC     ","BBVA","Financials","Banks","SP","Europe"
"CABK.MC     ","CaixaBank","Financials","Banks","SP","Europe"
"REP.MC      ","REPSOL SA","Energy","Oil & Gas Exploration & Production","SP","Europe"
"SAB.MC      ","BANCO DE SABADELL SA","Financials","Banks","SP","Europe"
"SAN.MC      ","BANCO SANTANDER SA","Financials","Banks","SP","Europe"
"ISP.MI      ","INTESA SANPAOLO","Financials","Banks","IT","Europe"
"CPR.MI      ","DAVIDE CAMPARI-MILANO NV","Consumer Staples","Beverages","IT","Europe"
"RACE.MI     ","FERRARI NV","Consumer Discretionary","Automobiles","IT","Europe"
"IVG.MI      ","IVECO GROUP NV","Industrials","Machinery","IT","Europe"
"LDO.MI      ","LEONARDO SPA","Industrials","Aerospace & Defense","IT","Europe"
"PIRC.MI     ","PIRELLI & C SPA","Consumer Discretionary","Automobile Components","IT","Europe"
"ENI.MI      ","ENI SPA","Energy","Oil & Gas Exploration & Production","IT","Europe"
"ABX.TO      ","BARRICK GOLD CORP","Materials","Mining","CA","North America"
"FM.TO       ","FIRST QUANTUM MINERALS LTD","Materials","Mining","CA","North America"
"RY.TO       ","ROYAL BANK OF CANADA","Financials","Banks","CA","North America"
"TD.TO       ","TORONTO-DOMINION BANK","Financials","Banks","CA","North America"
"AEM.TO      ","AGNICO EAGLE MINES LTD","Materials","Mining","CA","North America"
